date,description,employer,employer_link,last_updated,location,salary,title,url
 - 10 days ago,"With one application you can be considered for thousands of tech roles from leading companies on Seen.,
,
Seen by Indeed is a free service that connects you to opportunities that take you further in your career.,
Join today to be seen and make your mark in your next tech role.,
With just one application, we'll show you off to hundreds of employers once your profile is approved.,
Seen matches you to opportunities based off where you've been and where you want to go in your career.,
Talk to career coaches for free to help you set your best foot forward whether it be during the interview process or during a promotion.,
By creating an account, you agree to Indeed's Terms of Service, Cookie Policy and Privacy Policy.",Seen by Indeed,,,"chicago,IL",,Python Developer,https://www.indeed.com/viewjob?jk=27c1e4b4632c8824&q=software+engineer&l=chicago%2C+IL&from=web&advn=210908886952977&adid=316220549&sjdu=RjrjP3TXJPtsBLro8K2Df0eyZufxG4-d7TYf78ErEEkw466vcNACK7FCERlv3DUMuu_-5CjmQYsaIH775xtpPJEkYHdlTvE2lQNZvGo0gmuxRcVTp7k5aXkREQfn0R86A94TGXmLqPmLBPA5ey9S8DyT-KAXcfejUjCMqNYjG_w&acatk=1e594nkld0jf3002&pub=4a1b367933fd867b19b072952f68dceb&vjs=3
 - 10 days ago,"With one application you can be considered for thousands of tech roles from leading companies on Seen.,
,
Seen by Indeed is a free service that connects you to opportunities that take you further in your career.,
Join today to be seen and make your mark in your next tech role.,
With just one application, we'll show you off to hundreds of employers once your profile is approved.,
Seen matches you to opportunities based off where you've been and where you want to go in your career.,
Talk to career coaches for free to help you set your best foot forward whether it be during the interview process or during a promotion.,
By creating an account, you agree to Indeed's Terms of Service, Cookie Policy and Privacy Policy.",Seen by Indeed,,,"chicago,IL",,Java Developer,https://www.indeed.com/viewjob?jk=89a797a1bb2ecde4&q=software+engineer&l=chicago%2C+IL&from=web&advn=210908886952977&adid=316220540&sjdu=RjrjP3TXJPtsBLro8K2Df0eyZufxG4-d7TYf78ErEElifVD-9g8g5REusxwTwi1D_l8qMk3nAW2Rs9gqCJg_jpEkYHdlTvE2lQNZvGo0gmuxRcVTp7k5aXkREQfn0R86l_pH0909pRhwdvgYBuHy35BAzBJTpwiPSgaMTXBEUWk&acatk=1e594nmkso9b2800&pub=4a1b367933fd867b19b072952f68dceb&vjs=3
 - 10 days ago,"With one application you can be considered for thousands of tech roles from leading companies on Seen.,
,
Seen by Indeed is a free service that connects you to opportunities that take you further in your career.,
Join today to be seen and make your mark in your next tech role.,
With just one application, we'll show you off to hundreds of employers once your profile is approved.,
Seen matches you to opportunities based off where you've been and where you want to go in your career.,
Talk to career coaches for free to help you set your best foot forward whether it be during the interview process or during a promotion.,
By creating an account, you agree to Indeed's Terms of Service, Cookie Policy and Privacy Policy.",Seen by Indeed,,,"chicago,IL",,Javascript Developer,https://www.indeed.com/viewjob?jk=027c7ca06cb0ff9b&q=software+engineer&l=chicago%2C+IL&from=web&advn=210908886952977&adid=316220600&sjdu=RjrjP3TXJPtsBLro8K2Df0eyZufxG4-d7TYf78ErEEmg44pcSk-vrsgkSH-f7PGhuqEHMdRO_yLamAsDiRPoMDpfrYWR2O1r3IeFMhaYO3iRJGB3ZU7xNpUDWbxqNIJrsUXFU6e5OWl5EREH59EfOinKhELc2jgxEmGFnv7BR6HRXI_erIXL_jnb3rZh8Jo6NDZv0iXfX1kgLDBUip1yGw&acatk=1e594nol558eo800&pub=4a1b367933fd867b19b072952f68dceb&vjs=3
 - 3 days ago,"Completes maintenance on existing software products. Assists in developing code, tests and debugging new software or making enhancements to existing software. Writes programs according to specifications from senior staff. Perform basic system integration tasks.,
Specific Responsibilities,:
,Strategic Planning,
,Collaborates with user to develop work flow and best practices.,
,Assists in all stages of the project development, starting from the initial planning stages.
,Administration,
,Responds to inquiries via phone, online, in-person, etc.,
,Creates and maintains software/process/support documentation.,
,Routes more complex requests for features/upgrades/changes to appropriate senior staff/management.,
,Participates in team/project meetings.,
,Identifies database and software performance issues and makes adjustments.
,Development,
,Assists with design, development, and maintenance.
,Builds, tests and debugs software.,
,Writes programs according to specifications from senior staff.,
,Codes software applications adhering to designs that support internal business requirements or external user.
,Competes tier 3 troubleshooting.,
,Develops reports.,
,Prioritizes assigned tasks.,
,Opens help tickets with vendors.
,Performs code review and code checking,
,Development of software tools and programs,
,Expert in Python and other programming languages
,Performance,
,Excellent communication skills, and code documentation,
Miscellaneous
,Performs other duties as assigned.,
Minimum Qualifications:
,Successful completion of a full 4-year course of study in an accredited college or university leading to a bachelor's or higher degree in a major such as computer science, information technology, or related; OR appropriate combination of education and experience.
,No experience required.
,Amazon Web Services (AWS)
,Python,
,SQL/MySQL/Postgres
,Preferred Qualifications:,
,Four year education or equivalent experience in computer science and/or software programming,
Preferred Competencies: (Skills, knowledge, and abilities),
,Builds software (python),
,Has setup a backend database system,
,Knows how to interact and communicate with people,
,Can develop in other programming languages as well,
,Fast learner,
,Organize code meetings,
,Develop, test, and build software",Northwestern University,https://www.indeed.com/cmp/Northwestern-University?campaignid=mobvjcmp&from=mobviewjob&tk=1e594nulp341o000&fromjk=786947b8db02f4b1,,"chicago,IL",,Software Engineer Associate,https://www.indeed.com/viewjob?jk=786947b8db02f4b1&from=serp&vjs=3
 - 5 days ago,"Published
,April 1, 2020,
Location
,Chicago, IL, United States of America,
Job Type
,Full-time,
Description,
TITLE: PYTHON SOFTWARE ENGINEER,
JOB ID: 10648,
LOCATION: Chicago, IL,
SALARY: $90k-$120k,
STATUS: Direct Hire (not a Contract),
About the Client:,
Join our Loop client who is disrupting a traditional market in a whole new way through delivering structured data observations and predictive analytics using deep learning technology.,
About the Python Software Engineer Position:,
Looking for a Python Software Engineer that will contribute to back-end development of SaaS applications for Enterprise Clients.,
About the ,Python Software Engineer Responsibilities:
,Responsible for back-end design development and implementation of machine learning software products,
Translate business problems to core product for delivery,
Contribute to engineering tools and infrastructure,
Design, analyze and troubleshoot large-scale distributed systems,
About the ,Python Python Software Engineer Requirements:,
2+ years’ experience with Python and other scripting languages,
Experience with REST, CRUD APIs is needed,
Knowledge of Docker, Kubernetes, SQL and NoSQL is necessary,
Familiarity with behavior-driven development (BDD) and Agile is desired,
Strong communication skills necessary",InspiHER Tech,,,"chicago,IL","$90,000 - $120,000 a year","PYTHON SOFTWARE ENGINEER, # 10648",https://www.indeed.com/viewjob?jk=a5ea3b1dd325aa06&from=serp&vjs=3
 - 27 days ago,"PriceLabs is a web based software for vacation and short term rentals (think Airbnb) to help them dynamically manage prices just the way large hotels and airlines do! Our mission is to help small businesses in the travel and tourism industry by giving them access to automation and advanced analytical systems that are often restricted to large companies.,We hope you will be as excited as we are about building cutting edge analytics solutions for the under served short-term and vacation rental industry.,As an early employee, you will have opportunities to wear many hats in a high growth role. There are four major streams of work for this role:,Product enhancements and new features: design, develop and enhance our architecture to enable new capabilities and improve customer experience. This will require work on both the Rails app and the front end. Most of the enhancements will be customer facing, but there will also be internal dashboards for our team. Being able to contribute to product ideas and UI/UX discussions is a big plus.,Integrations: We're constantly integrating with new partner companies, and have a fairly repeatable process that requires attention to detail and learning about another system.,Scaling: Making sure our architecture scales up well so our users keep getting a consistent experience. This includes how we store data, parallelize processes, and much more.,Support: Quick bug fixes, debugging issues and quick UI fixes.,Requirements:,Bachelors/Masters in Computer Science or equivalent,Good grasp of algorithms and data structures,Strong focus on testing/quality checks,Previous experience at a start-up is a big plus!,Must be authorized to work in the US. We are not able to sponsor work visas at this time.,Benefits:,Base salary: $60k-105k per year,Performance bonus tied to company and individual performance,Health Insurance,401k,Job Type: Full-time,Salary: $60,000.00 to $105,000.00 /year,Education:,Bachelor's (Required),Work authorization:,United States (Required),Additional Compensation:,Bonuses,Work Location:,One location,Benefits:,Health insurance,Retirement plan,Paid time off,Flexible schedule,Relocation Assistance Provided:,No,Visa Sponsorship Potentially Available:,No: Not providing sponsorship for this job,This Job Is Ideal for Someone Who Is:,Dependable -- more reliable than spontaneous,Detail-oriented -- would rather focus on the details of work than the bigger picture,Autonomous/Independent -- enjoys working with little direction,Schedule:,Monday to Friday",PriceLabs,,,"chicago,IL","$60,000 - $105,000 a year",Software Engineer,https://www.indeed.com/viewjob?cmp=PriceLabs&t=Software+Engineer&jk=19d4836e51808007&vjs=3
 - 4 days ago,"Company: Lantana Consulting Group provides services and software for standards-based health information exchange. We have built our expertise through more than a decade of development and deployment of technical specifications and interoperability solutions. As a distributed company with no single brick and mortar office, Lantana can hire the best available talent and offer a flexible work schedule. We are a small, growing business on a path towards employee ownership.,Primary purpose: Support the development of Trifolia-on-FHIR, Trifolia Workbench and other internal tools developed by the company. The candidate will work with product stakeholders to establish and/or clarify requirements and implement solutions for features, enhancements and defects in the product backlogs.,A successful candidate will:,Have experience with Agile and Kanban software development methodologies.,Be familiar with HL7 Fast Healthcare Interoperability Resource (FHIR). HL7 Clinical Document Architecture (CDA) experience is a plus.,Have good communication skills to support working in a remote environment.,Qualifications:,Bachelor’s degree or equivalent experience is required.,Five or more years of experience in software development.,Experience with FHIR is required, including the FHIR REST API. Experience with CDA is preferred.,Experience with Enterprise JavaScript technology stack, including Node.JS, Angular 2 and Bootstrap is required.,Ideally familiar with the FHIR profiling and the FHIR implementation guide publishing process.,Ideally have experience with C# technologies (ASP.NET MVC, Visual Studio, SQL Server, Nuget).,Ideally have experience with Java technologies (Eclipse/IntelliJ, JPA, Maven, HAPI FHIR Server).,Ruby development experience is a plus.,Additional Job Information:,This position is 100% work-from-home/remote.,Lantana is an equal opportunity employer. All qualified applicants for current openings will receive consideration for employment without regard to race, color, religion, sex, sexual orientation, gender identity, or natural origin.,Job Types: Part-time, Contract,Salary: $48.00 to $91.00 /hour,Experience:,Software Engineering: 10 years (Preferred),C# technologies: 3 years (Preferred),FHIR: 4 years (Preferred),Node.JS, Angular 2 and Bootstrap: 5 years (Preferred),Contract Length:,Varies,Full Time Opportunity:,Yes,Work Location:,Fully Remote,Benefits:,Health insurance,Work from home,Flexible schedule,Hours per week:,10-19,Visa Sponsorship Potentially Available:,No: Not providing sponsorship for this job,Schedule:,Monday to Friday,Day shift,Company's website:,https://lantanagroup.com/,Work Remotely:,Yes",Lantana Consulting Group,,,"chicago,IL","$48 - $91 an hour, -  Part-time, Contract",Software Engineer (Remote),https://www.indeed.com/viewjob?cmp=Lantana-Consulting-Group&t=Software+Engineer&jk=03bf35eebb10f0e7&vjs=3
 - 5 days ago,"At Kin, we’re looking for self-motivated thinkers ready to make a change for our customers. We value tackling challenges and breaking down walls – but being chill about it.,
,
Kin Insurance is an insurtech startup that sells affordable, user-friendly homeowners insurance. Unlike many startups that gather users and figure out how to be profitable later, we are selling a product that homeowners need and depend on now. We’re innovating in an industry largely untouched by tech, so we are always thinking big.,
,
We believe autonomy is key to job satisfaction, which is why we say the person closest to the problem should solve it. It’s also why we offer unlimited vacation time: we trust in our team to manage their own projects and time. If you want the chance to develop your skills, work with some of the best minds in the industry, and see what you’re really capable of, come learn and grow with us.,
,
About the Development Team,
,
You’ll be part of a growing company and a growing but lean development team. In practice, that means you’ll have the support you need to get your work done, but you’ll also have to be familiar with the whole code base and all of our products and services. Our team is business-minded, so everyone has good working knowledge about the company, fundraising, and the insurance industry. The dev team is also cross-functional, so you’ll work with our insurance experts, quality assurance, product team, and operations very closely.,
,
,We’re very product-focused and don’t let tech fads get in the way of shipping new features—but we also value clean code, automated testing, and other sustainable practices.,
,
In short: we move fast, are excited about the work we do, and don’t let non-essentials get in the way of building great products.,
,
So, What’s the Role?,
,
You will collaborate daily with various members of our development team, creating and modifying software to improve our customers’ experience. Our main goal at Kin is to make insurance accessible and affordable, and much of this stems from innovation and efficiency.,
,
A Day in the Life May Include:,
,Writing clean, maintainable, and efficient code in Ruby on Rails (with some Javascript and Python),Collaborating with various members of the development team to complete multiple projects. We’re a startup, so we’ll keep you busy,Providing subject matter expertise and support.,
,
I’ve Got Skills, But Do I Have the Necessary Ones?,
,
You might be a good fit if you are:,
,Comfortable in a startup environment – we’re fast-paced, self-motivated, and determined to change the industry,A fast learner, ready to bring previous knowledge to this position and continue developing along the way,A professional developer with a minimum of 3 years of previous experience
,Experienced with designing Ruby, Python, or Node applications,Familiar with fintech – a plus, but not required.,
,
At this time, we are unable to sponsor employment visas.,
,
Oh, and We’ve Got You Covered,
,
Being in the insurance industry, we recognize the importance of comprehensive benefits for you and your family. That’s why we provide a variety of options and coverage levels to customize a plan that fits your needs. These are just some of the benefits and perks we offer:,
,
Medical,
Dental,
Vision,
Commuter benefit plans,
Flexible PTO,
Flex spending accounts,
401k,
Paid Parental Leave,
Disability insurance,
Life insurance,
Onsite gym membership,
Company-provided lunch several times a month,
Rotating option of daily snacks,
Sodas, unlimited flavored waters, coffee",Kin Insurance,,,"chicago,IL",,Software Engineer,https://www.indeed.com/viewjob?jk=fa6adef23cea9457&from=serp&vjs=3
 - 30+ days ago,"We're looking for an entry level engineer to perform various technical tasks that occur in a software/Internet company. Successful candidates are expected to have strong analytical skills, a thirst for knowledge, willingness to attempt any challenge, a desire to improve the quality of education, and a great sense of humor. In 5 years you can learn just about everything in a software/Internet company (aspiring startup founders welcome). This job will really stretch you, and will be great fun in the process! Entrepeneurial spirit a must! Suit/tie not required.
,Specific Tasks May Include,
,Software Development,
,System Administration,
,Documentation,
,Customer Support,
,Quality Assurance,
,Pre-Sales Support,
,Whatever else may come up...,
,Successful Candidates Will Have,
,BS/MS in CS/EE or equivalent,
,0-3 years experience,
,Entrepeneurial spirit,
,Strong analytical skills,
,Excellent communication skills,
,High level of integrity and character,
,High level of energy and motivation,
,Desire to work really hard at a small company,
,Commitment to excellence and willingness to do ""whatever it takes"" to get the job done,
,Desire to learn everything about a software/Internet company,
,Experience with HTML,
,Experience with C/C++, C# or Java,
,Experience with Javascript,
,Understanding of Relational Databases,
,Understanding of TCP/IP Networking Concepts,
,Idealism in wanting to improve the quality of education,
,Optimism in believing that you can make a difference,
,Humility in recognizing that idealism/optimism may really be ignorance/arrogance",Common Goal Systems Inc.,,,"chicago,IL",,Entry Level Software Engineer,https://www.indeed.com/viewjob?jk=1aca59f3f200c650&from=serp&vjs=3
 - 3 days ago,"see summary
,
,Job_Description_Summary:, About Us: Braintree lets you move money from one place to another safely and securely. Every time you pay for an Uber ride, book a stay through Airbnb, or pay with PayPal when you check out online, you’re probably using our product. It sounds complex (and it is), but we make it so simple you can’t tell we’re there. We solve world-scale problems and provide opportunities to match. We build diverse teams that recognize our strengths and allow us to work on our weaknesses. You bring skills and a relentless focus on the customer, and we'll provide the support you need to do the best work of your life. Check us out: GitHub | Blog | Twitter | LinkedIn | Facebook | The Muse | Glassdoor The Team: Our focus is teaming with smart engineers who are passionate about their craft and excited to build software for our unique solutions in the space. At Braintree, developers have the chance to work on various teams and stacks. Although most of our software is written in Ruby, we believe in using the best tool for the job. For example, we’ve written data platforms in Clojure, payment gateways in Java, and contextual commerce in Python. Here’s more: Communication is key to our process, and we don't want to hinder it with walls. Many teams program in pairs, which means you always have another set of eyes to help you. We practice test-driven development and believe that it helps us deliver simple solutions focused on real customer needs. We have no QA department – developers test, release and monitor their own code. We keep the team in sync with daily stand-ups and have regular retrospectives to discuss things that are going well and opportunities for improvements. We value unique perspectives brought by diverse backgrounds and experiences. A broad range of ideas and perspectives help us to create the best possible product. Types of projects we work on: Treasury - Our platform which drives financial disbursements to merchants around the world. Merchant Reporting - Delivering scalable data solutions to our partners: transaction records, payment methods, currencies, & features. Onboarding - Building out a seamless on-boarding flow for Braintree merchants across our global markets. What we look for in you: 3+ years experience building software or web applications with object oriented or functional programming languages. Doesn’t matter what language, just a focus on writing clean, well designed and scalable code Ability and desire to work in our collaborative environment: open team room, pair programming and fluid interactions with all products and operations teams Interest in TDD and specific experiences using a test heavy approach to solve problems and create solutions Focus on building solutions utilizing an agile approach: close relationships with Product Managers, communicating and digesting real time feedback, and working smart to build story cards on daily basis Perks: Open dev days: every two weeks we spend a day working on projects that interest us and help us expand our skills and knowledge Participation in the technology community: we help cover travel and attendance costs for conferences, and we offer opportunities and tools for speaking. Check out our Careers page for more company perks.
,
,Who we are:, Fueled by a fundamental belief that having access to financial services creates opportunity, PayPal (NASDAQ: PYPL) is committed to democratizing financial services and empowering people and businesses to join and thrive in the global economy. Our open digital payments platform gives PayPal’s 286 million active account holders the confidence to connect and transact in new and powerful ways, whether they are online, on a mobile device, in an app, or in person. Through a combination of technological innovation and strategic partnerships, PayPal creates better ways to manage and move money, and offers choice and flexibility when sending payments, paying or getting paid. Available in more than 200 markets around the world, the PayPal platform, including Braintree, Venmo and Xoom enables consumers and merchants to receive money in more than 100 currencies, withdraw funds in 56 currencies and hold balances in their PayPal accounts in 25 currencies.
,
We're a purpose-driven company whose beliefs are the foundation for how we conduct business every day. We hold ourselves to our One Team Behaviors which demand that we hold the highest ethical standards, to empower an open and diverse workplace, and strive to treat everyone who is touched by our business with dignity and respect. Our employees challenge the status quo, ask questions, and find solutions. We want to break down barriers to financial empowerment. Join us as we change the way the world defines financial freedom.
,
PayPal provides equal employment opportunity (EEO) to all persons regardless of age, color, national origin, citizenship status, physical or mental disability, race, religion, creed, gender, sex, pregnancy, sexual orientation, gender identity and/or expression, genetic information, marital status, status with regard to public assistance, veteran status, or any other characteristic protected by federal, state or local law. In addition, PayPal will provide reasonable accommodations for qualified individuals with disabilities.",Braintree,https://www.indeed.com/cmp/Paypal?campaignid=mobvjcmp&from=mobviewjob&tk=1e594o0mpq2ra801&fromjk=dc7fb2b5e2722b91,,"chicago,IL",,Fullstack Software Engineer,https://www.indeed.com/viewjob?jk=dc7fb2b5e2722b91&from=serp&vjs=3
 - 18 days ago,"MINIMUM REQUIRED SKILLS,For Junior Java Developer: ,Core Java knowledge,Frameworks,DBMS,Database PL/SQL,· Designing and implementing Java-based applications.,For Full Stack Web Developer: ,HTML,CSS,Node Js, Angular Js, React js,Java Script,Frameworks,Qualifications & Responsibilities Includes: ,Bachelor’s Or Master’s degree,Knowledge of current technologies, application software development, Agile and iterative development methodologies,Excellent listening, oral, and written communication skills,Strong interpersonal and teamwork skills,Flexible to new situations and challenges,Designing and developing high-volume,Recommending changes to existing Java infrastructure,Aligning application design with business goals,Maintain and help optimize existing systems,Worked with minimal supervision and general guidelines,Worked collaboratively in small teams, and mentor junior team members,Strong communication skills, written and verbal,Benefits: ,Competitive compensation.,Excellent health, vision, and dental plans.,Relocation Expenses,Education reimbursement programs available,Extensive product training and professional career development,Two Weeks Paid vacation in a year,Immigration Support for the Eligible Candidate,Child Care Benefits,Job Types: Full-time, Temporary, Internship,Salary: $60,000.00 to $65,000.00 /year,Education:,Master's (Preferred)",kgs technology group inc.,https://www.indeed.com/cmp/Kgs-Technology-Group-Inc?campaignid=mobvjcmp&from=mobviewjob&tk=1e594nuls4s3m800&fromjk=5822c2f25c1016be,,"chicago,IL","$60,000 - $65,000 a year, -  Full-time, Temporary, Internship",Entry Level Software DeveloperWith VISA Support,https://www.indeed.com/viewjob?cmp=KGS-Technology-Group-Inc&t=Entry+Level+Software+Developerwith+Visa+Support&jk=5822c2f25c1016be&vjs=3
 - 30+ days ago,"Company Overview,
Warner Bros. has been entertaining audiences for more than 90 years through the world’s most-loved characters and franchises. Warner Bros. employs people all over the world in a wide variety of disciplines. We're always on the lookout for energetic, creative people to join our team.,
Business Unit Overview,
The creative team that brought Mortal Kombat and Injustice to life is now NetherRealm Studios, part of the Warner Bros. Interactive Entertainment family. With over 20 years of creation under our belts, NetherRealm’s mission remains the same; to create cutting edge entertainment and deliver industry leading tech, game art and overall gaming experiences. NetherRealm Studios is a collaborative and creative environment, constantly striving to up the ante on what is possible in interactive entertainment. We encompass the best of both worlds – a team of dedicated professionals with years of experience, who are also at the forefront of an industry taking over the entertainment landscape. The passion and energy that made Mortal Kombat a reality is still on display every day in our offices, our hallways and most definitely the studio’s arcade room!,
Opportunity Overview,
What part will you play?,
WB Games Inc. seeks a Junior Associate Software Engineer (Temp) for the Engineering department.,
,
As a Junior software engineer for our game team you'll be given an opportunity to explore a wide range of real-world programming tasks, while contributing to the development of a AAA-quality Console game. You'll work with a team of talented industry veterans, on tasks ranging from creating tools for better engineer productivity, to helping with implementation of gameplay features.,
,
,This position is based onsite in Chicago, IL.,
,
What do we require from you?,
Excellent C/C++ programming skills. We are looking for people with a good understanding of the language, and an appreciation for object-oriented architecture.,
Familiarity with the Unreal Engine is a big plus.,
A passion for video game technology and gameplay mechanics.,
Availability for at least 20 hours during the school year, and a desire to work full time in the summer.,
,
The Warner Bros. Entertainment Group of Companies is an equal opportunity employer and considers all candidates for employment regardless of race, color, religion, sex, national origin, citizenship, age, disability, marital status, military or veteran's status (including protected veterans, as may be required by federal law), sexual orientation, gender identity or any other category protected by law.",Warner Bros. Entertainment Group,https://www.indeed.com/cmp/Warner-Bros.-Entertainment?campaignid=mobvjcmp&from=mobviewjob&tk=1e594o0m1np1c800&fromjk=1fcbf352afcad1e0,,"chicago,IL","Part-time, Temporary",Junior Associate Software Engineer (Temp),https://www.indeed.com/viewjob?jk=1fcbf352afcad1e0&from=serp&vjs=3
 - 3 days ago,"Movley is building a tech platform to help brands manage their on-going manufacturing and quality control systems. We launched to the public just November last year and since then have closed over 14 partnerships including companies such as OFX (publicly listed) and over 30 clients, despite Chinese New Years and COVID concerns. The quality control inspections industry has been untouched for decades, while manufacturing and other caveats to the process have only modernized and grown in complexity. Movley is working to digitize the entire quality control and inspections process for brands manufacturing overseas. We’re bootstrapped and founded by Sajag Agarwal, who previously grew an VC-funded electronics firm to $2M in annual run-rate in less than three years. We’re a small team but dedicated to making overseas manufacturing as easy as possible for the brands we work with.,
,
,
What We’re Looking For:,
We’re looking for an extremely dedicated intern to join our team and take accountability of our database systems mainly for our tech platform. You will own your own projects and have direct control over large initiatives within the company. You will also have direct exposure to operations, software development, customers, and the business processes that make Movley run and will gain a considerable amount of experience on how different aspects of the business are conjoined to build something from the ground up.,
,
,
,Knowledge of UNIX/Linux work environments,
,Solid knowledge of standard web technology (HTTP, HTTPS, HTML5, client/server model),
,Solid understanding of JS like angular 8, react and redux,
,Deploying web application,
,Strong knowledge on Restful services,
,
,
Would be Awesome:,
,
,Experience with git and the Gitlow workflow.,
,Experience in NoSQL databases,
,Experience with automated testing tool such as web driver and selenium,
,JavaScript development beyond jQuery.,
,
,
This will be a remotely administered internship with an immediate starting date upon hire. We will be able to accommodate different schedules and timezones including your academic calendar. You will need a quiet workspace with fast internet, webcam, and a microphone for video calls. This role is compensated on purely experience, and you will receive considerable levels of autonomy and ownership over your projects. Due to current market conditions, there will not be any other compensation for this role. We will be happy to provide recommendation letters, references, and resume items for your time at Movley.",Movley,,,"chicago,IL",,Software Developer (Front-End) Remote Internship,https://www.indeed.com/viewjob?jk=4088bdbb95d203a4&from=serp&vjs=3
 - 10 days ago,"With one application you can be considered for thousands of tech roles from leading companies on Seen.,
,
Seen by Indeed is a free service that connects you to opportunities that take you further in your career.,
Join today to be seen and make your mark in your next tech role.,
With just one application, we'll show you off to hundreds of employers once your profile is approved.,
Seen matches you to opportunities based off where you've been and where you want to go in your career.,
Talk to career coaches for free to help you set your best foot forward whether it be during the interview process or during a promotion.,
By creating an account, you agree to Indeed's Terms of Service, Cookie Policy and Privacy Policy.",Seen by Indeed,,,"chicago,IL",,Cloud Engineer,https://www.indeed.com/viewjob?jk=43e8a1d59f4a67fc&q=software+engineer&l=chicago%2C+IL&from=web&advn=210908886952977&adid=316220861&sjdu=RjrjP3TXJPtsBLro8K2Df0eyZufxG4-d7TYf78ErEEnV8EhY_O1maI--_5OBHnviWI5icBRlkZ6B1XKtlYYBHLWtCNWmFQEdAGKhI9-duFE8PTbDjkDkNboEy8q4Btp9gWG30fEsvHxXJPZbLqZBrZSrGeX40Wzfi__OzuJYfPDJQsxRcGhjOt7I_F_G8tWg&acatk=1e594o4le4sv7800&pub=4a1b367933fd867b19b072952f68dceb&vjs=3
 - 10 days ago,"With one application you can be considered for thousands of tech roles from leading companies on Seen.,
,
Seen by Indeed is a free service that connects you to opportunities that take you further in your career.,
Join today to be seen and make your mark in your next tech role.,
With just one application, we'll show you off to hundreds of employers once your profile is approved.,
Seen matches you to opportunities based off where you've been and where you want to go in your career.,
Talk to career coaches for free to help you set your best foot forward whether it be during the interview process or during a promotion.,
By creating an account, you agree to Indeed's Terms of Service, Cookie Policy and Privacy Policy.",Seen by Indeed,,,"chicago,IL",,Scala Developer,https://www.indeed.com/viewjob?jk=b5d17620ff700e50&q=software+engineer&l=chicago%2C+IL&from=web&advn=210908886952977&adid=316220776&sjdu=RjrjP3TXJPtsBLro8K2Df0eyZufxG4-d7TYf78ErEEmJyCwBMe5tabkrG_2aUv8j8ahqD4ZAsJlJlH9mryXd4ZEkYHdlTvE2lQNZvGo0gmuxRcVTp7k5aXkREQfn0R86iL01XNTMN8Tn4dNlqwKZXwilkCxB9OuRekWINq0dr0k&acatk=1e594o4l74p6n800&pub=4a1b367933fd867b19b072952f68dceb&vjs=3
 - 10 days ago,"With one application you can be considered for thousands of tech roles from leading companies on Seen.,
,
Seen by Indeed is a free service that connects you to opportunities that take you further in your career.,
Join today to be seen and make your mark in your next tech role.,
With just one application, we'll show you off to hundreds of employers once your profile is approved.,
Seen matches you to opportunities based off where you've been and where you want to go in your career.,
Talk to career coaches for free to help you set your best foot forward whether it be during the interview process or during a promotion.,
By creating an account, you agree to Indeed's Terms of Service, Cookie Policy and Privacy Policy.",Seen by Indeed,,,"chicago,IL",,Ruby Developer,https://www.indeed.com/viewjob?jk=30508c5999fde96e&q=software+engineer&l=chicago%2C+IL&from=web&advn=210908886952977&adid=316221245&sjdu=RjrjP3TXJPtsBLro8K2Df0eyZufxG4-d7TYf78ErEEnUcHEfrupXdULmttnGE6-muEUNT4nLCj1e7YX97oYLKpEkYHdlTvE2lQNZvGo0gmuxRcVTp7k5aXkREQfn0R86OWoAjr4MfaFFaJg5oPdx2JBAzBJTpwiPSgaMTXBEUWk&acatk=1e594o4ml2v4s000&pub=4a1b367933fd867b19b072952f68dceb&vjs=3
 - 10 days ago,"With one application you can be considered for thousands of tech roles from leading companies on Seen.,
,
Seen by Indeed is a free service that connects you to opportunities that take you further in your career.,
Join today to be seen and make your mark in your next tech role.,
With just one application, we'll show you off to hundreds of employers once your profile is approved.,
Seen matches you to opportunities based off where you've been and where you want to go in your career.,
Talk to career coaches for free to help you set your best foot forward whether it be during the interview process or during a promotion.,
By creating an account, you agree to Indeed's Terms of Service, Cookie Policy and Privacy Policy.",Seen by Indeed,,,"chicago,IL",,Back End Developer,https://www.indeed.com/viewjob?jk=f9913394e3545ba0&q=software+engineer&l=chicago%2C+IL&from=web&advn=210908886952977&adid=316220900&sjdu=RjrjP3TXJPtsBLro8K2Df0eyZufxG4-d7TYf78ErEEk2H_qS_WHfro2jxiNkN3HbfnRL1NNDcGqaAFmRM6cxcdM7hw_E48gt40O8og-gXrQm9VGp3SCmBM9b3_XvxmbzPD02w45A5DW6BMvKuAbafYFht9HxLLx8VyT2Wy6mQa00lUnG7VyC2oe4B-SBpLeg8GF7F_8XThCviUP5OlGDLg&acatk=1e594o4oa2v4r000&pub=4a1b367933fd867b19b072952f68dceb&vjs=3
 - 10 days ago,"With one application you can be considered for thousands of tech roles from leading companies on Seen.,
,
Seen by Indeed is a free service that connects you to opportunities that take you further in your career.,
Join today to be seen and make your mark in your next tech role.,
With just one application, we'll show you off to hundreds of employers once your profile is approved.,
Seen matches you to opportunities based off where you've been and where you want to go in your career.,
Talk to career coaches for free to help you set your best foot forward whether it be during the interview process or during a promotion.,
By creating an account, you agree to Indeed's Terms of Service, Cookie Policy and Privacy Policy.",Seen by Indeed,,,"chicago,IL",,Mobile Developer,https://www.indeed.com/viewjob?jk=fafb0ec8bdb29aab&q=software+engineer&l=chicago%2C+IL&from=web&advn=210908886952977&adid=316220862&sjdu=RjrjP3TXJPtsBLro8K2Df0eyZufxG4-d7TYf78ErEElrMHAAPoY2-gbT8x_4IAsktAbT5wIUHJNeoGM3rs3dptmnS0iZsxd12yWOLc3ORi12tpJlIF3gxZiHggDJTIELPD02w45A5DW6BMvKuAbafYFht9HxLLx8VyT2Wy6mQa0ocd3q96HcO-1hE4FXQnaUCKWQLEH065F6RYg2rR2vSQ&acatk=1e594o4oi58qh800&pub=4a1b367933fd867b19b072952f68dceb&vjs=3
